{"cameraMode":{"drawMode":0,"name":"Shaded","section":"Shading Mode"},"sceneLighting":false,"audioPlay":false,"sceneViewState":{"showFog":true,"showMaterialUpdate":false,"showSkybox":false,"showFlares":true,"showImageEffects":true,"showParticleSystems":true},"in2DMode":false,"pivot":{"x":3.744792938232422,"y":-1.7013216018676758,"z":-3.6339378356933595},"rotation":{"x":-0.11804939806461334,"y":-0.8808278441429138,"z":0.29964038729667666,"w":-0.3470192551612854},"size":21.406545639038087,"orthographic":false}