{"cameraMode":{"drawMode":0,"name":"Shaded","section":"Shading Mode"},"sceneLighting":false,"audioPlay":false,"sceneViewState":{"showFog":true,"showMaterialUpdate":false,"showSkybox":false,"showFlares":true,"showImageEffects":true,"showParticleSystems":true},"in2DMode":false,"pivot":{"x":-0.042548418045043948,"y":0.7235875129699707,"z":0.532966136932373},"rotation":{"x":0.03062983974814415,"y":0.9444096684455872,"z":-0.31411999464035036,"w":0.09209144115447998},"size":10.100536346435547,"orthographic":false}