{"cameraMode":{"drawMode":0,"name":"Shaded","section":"Shading Mode"},"sceneLighting":false,"audioPlay":false,"sceneViewState":{"showFog":true,"showMaterialUpdate":false,"showSkybox":false,"showFlares":true,"showImageEffects":true,"showParticleSystems":true},"in2DMode":false,"pivot":{"x":-17.389999389648439,"y":1.6837049722671509,"z":56.403236389160159},"rotation":{"x":0.24563032388687135,"y":-0.08276014775037766,"z":0.02105274423956871,"w":0.9655948281288147},"size":7.525794506072998,"orthographic":false}