{"cameraMode":{"drawMode":0,"name":"Shaded","section":"Shading Mode"},"sceneLighting":false,"audioPlay":false,"sceneViewState":{"showFog":true,"showMaterialUpdate":false,"showSkybox":false,"showFlares":true,"showImageEffects":true,"showParticleSystems":true},"in2DMode":false,"pivot":{"x":-0.5616598129272461,"y":4.28204870223999,"z":-0.08237648010253906},"rotation":{"x":0.02346549555659294,"y":-0.9752569198608398,"z":0.12810499966144563,"w":0.1786407232284546},"size":16.914627075195314,"orthographic":true}